"input","axis","divergent_components","rurl(rfc3986)","rurl(whatwg)","curl","adaR","urltools"
"http://ex.com/%41%42","pct-unreserved","path","http|ex.com||/AB","http|ex.com||/%41%42","http|ex.com||/AB","http|ex.com||/%41%42","http|ex.com||/%41%42"
"http://ex.com/a%2Fb","pct-reserved","path","http|ex.com||/a%2Fb","http|ex.com||/a%2Fb","http|ex.com||/a/b","http|ex.com||/a%2Fb","http|ex.com||/a%2Fb"
"http://2130706433/","ipv4-whole-decimal","host","http|2130706433||/ [warning-no-tld]","http|127.0.0.1||/","http|127.0.0.1||/","http|127.0.0.1||/","http|2130706433||/"
"http://0x7f.0.0.1/","ipv4-hex","host","http|0x7f.0.0.1||/ [warning-invalid-tld]","http|127.0.0.1||/","http|127.0.0.1||/","http|127.0.0.1||/","http|0x7f.0.0.1||/"
"http://0177.0.0.1/","ipv4-octal","host","http|0177.0.0.1||/ [warning-invalid-tld]","http|127.0.0.1||/","http|127.0.0.1||/","http|127.0.0.1||/","http|0177.0.0.1||/"
"http://127.1/","ipv4-short-form","host","http|127.1||/ [warning-invalid-tld]","http|127.0.0.1||/","http|127.0.0.1||/","http|127.0.0.1||/","http|127.1||/"
"http://999999999999/","ipv4-overflow","scheme,host,port,path","http|999999999999||/ [warning-no-tld]","<error>","http|999999999999||/","<reject>","http|999999999999||/"
"http://example.com./","host-trailing-dot","","http|example.com.||/","http|example.com.||/","http|example.com.||/","http|example.com.||/","http|example.com.||/"
"http:\\example.com\a","backslash-as-slash","scheme,host,port,path","<error>","http|example.com||/a","<error>","http|example.com||/a","|http|\\example.com\a|/"
"http://ex.com:80/","default-port-elision","port","http|ex.com|80|/","http|ex.com||/","http|ex.com|80|/","http|ex.com||/","http|ex.com|80|/"
"http://münchen.de/","idn-unicode-host","","http|münchen.de||/","http|münchen.de||/","http|münchen.de||/","http|münchen.de||/","http|münchen.de||/"
"http://xn--mnchen-3ya.de/","idn-punycode-host","host","http|xn--mnchen-3ya.de||/","http|xn--mnchen-3ya.de||/","http|xn--mnchen-3ya.de||/","http|münchen.de||/","http|xn--mnchen-3ya.de||/"
"http://ex.com/a/./b/../c","dot-segment","path","http|ex.com||/a/c","http|ex.com||/a/c","http|ex.com||/a/c","http|ex.com||/a/c","http|ex.com||/a/./b/../c"
"http://ex.com","empty-path","","http|ex.com||/","http|ex.com||/","http|ex.com||/","http|ex.com||/","http|ex.com||/"
"http://www.ex.com/","www-prefix","","http|www.ex.com||/","http|www.ex.com||/","http|www.ex.com||/","http|www.ex.com||/","http|www.ex.com||/"
"http://user:pass@ex.com/","userinfo","","http|ex.com||/","http|ex.com||/","http|ex.com||/","http|ex.com||/","http|ex.com||/"
"http://ex	ample.com/","c0-tab","scheme,host,port,path","<error>","http|example.com||/","<error>","http|example.com||/","http|ex	ample.com||/"
"http://ex.com/a%3Fb","pct-reserved","path","http|ex.com||/a%3Fb","http|ex.com||/a%3Fb","http|ex.com||/a?b","http|ex.com||/a%3Fb","http|ex.com||/a%3Fb"
"http://ex.com/a%23b","pct-reserved","path","http|ex.com||/a%23b","http|ex.com||/a%23b","http|ex.com||/a#b","http|ex.com||/a%23b","http|ex.com||/a%23b"
"http://ex.com/%7euser","pct-unreserved","path","http|ex.com||/~user","http|ex.com||/%7euser","http|ex.com||/~user","http|ex.com||/%7euser","http|ex.com||/%7euser"
"http://ex.com/%4a%6A","pct-unreserved","path","http|ex.com||/Jj","http|ex.com||/%4a%6A","http|ex.com||/Jj","http|ex.com||/%4a%6A","http|ex.com||/%4a%6A"
"http://ex.com/%2e%2e/a","dot-segment","path","http|ex.com||/a","http|ex.com||/a","http|ex.com||/a","http|ex.com||/a","http|ex.com||/%2e%2e/a"
"http://ex.com/a/%2E./b","dot-segment","path","http|ex.com||/b","http|ex.com||/b","http|ex.com||/b","http|ex.com||/b","http|ex.com||/a/%2E./b"
"http://ex.com/a/.%2e/b","dot-segment","path","http|ex.com||/b","http|ex.com||/b","http|ex.com||/b","http|ex.com||/b","http|ex.com||/a/.%2e/b"
"http://ex.com/%2e/a","dot-segment","path","http|ex.com||/a","http|ex.com||/a","http|ex.com||/a","http|ex.com||/a","http|ex.com||/%2e/a"
"http://ex.com/a/../b/./c","dot-segment","path","http|ex.com||/b/c","http|ex.com||/b/c","http|ex.com||/b/c","http|ex.com||/b/c","http|ex.com||/a/../b/./c"
"http://ex.com/caf%C3%A9","non-ascii-path","","http|ex.com||/caf%C3%A9","http|ex.com||/caf%C3%A9","http|ex.com||/café","http|ex.com||/caf%C3%A9","http|ex.com||/caf%C3%A9"
"http://ex.com/%20foo","space-in-path","","http|ex.com||/%20foo","http|ex.com||/%20foo","http|ex.com||/ foo","http|ex.com||/%20foo","http|ex.com||/%20foo"
"http://127.0.0.1/","ipv4-canonical","","http|127.0.0.1||/","http|127.0.0.1||/","http|127.0.0.1||/","http|127.0.0.1||/","http|127.0.0.1||/"
"http://256/","ipv4-whole-decimal","host","http|256||/ [warning-no-tld]","http|0.0.1.0||/","http|0.0.1.0||/","http|0.0.1.0||/","http|256||/"
"http://999999999/","ipv4-whole-decimal","host","http|999999999||/ [warning-no-tld]","http|59.154.201.255||/","http|59.154.201.255||/","http|59.154.201.255||/","http|999999999||/"
"http://4294967295/","ipv4-whole-decimal","host","http|4294967295||/ [warning-no-tld]","http|255.255.255.255||/","http|255.255.255.255||/","http|255.255.255.255||/","http|4294967295||/"
"http://4294967296/","ipv4-whole-decimal","scheme,host,port,path","http|4294967296||/ [warning-no-tld]","<error>","http|4294967296||/","<reject>","http|4294967296||/"
"http://0/","ipv4-whole-decimal","host","http|0||/ [warning-no-tld]","http|0.0.0.0||/","http|0.0.0.0||/","http|0.0.0.0||/","http|0||/"
"http://0x7f000001/","ipv4-hex","host","http|0x7f000001||/ [warning-no-tld]","http|127.0.0.1||/","http|127.0.0.1||/","http|127.0.0.1||/","http|0x7f000001||/"
"http://0xffffffff/","ipv4-hex","host","http|0xffffffff||/ [warning-no-tld]","http|255.255.255.255||/","http|255.255.255.255||/","http|255.255.255.255||/","http|0xffffffff||/"
"http://0xffffffff1/","ipv4-hex","scheme,host,port,path","http|0xffffffff1||/ [warning-no-tld]","<error>","http|0xffffffff1||/","<reject>","http|0xffffffff1||/"
"https://0x.0x.0","other","host","https|0x.0x.0||/ [warning-invalid-tld]","https|0.0.0.0||/","https|0x.0x.0||/","https|0.0.0.0||/","https|0x.0x.0||/"
"https://0x.0x.0x.0x","other","host","https|0x.0x.0x.0x||/ [warning-invalid-tld]","https|0.0.0.0||/","https|0x.0x.0x.0x||/","https|0.0.0.0||/","https|0x.0x.0x.0x||/"
"http://017700000001/","ipv4-octal","host","http|017700000001||/ [warning-no-tld]","http|127.0.0.1||/","http|127.0.0.1||/","http|127.0.0.1||/","http|017700000001||/"
"http://192.168.010.1/","ipv4-octal","host","http|192.168.010.1||/ [warning-invalid-tld]","http|192.168.8.1||/","http|192.168.8.1||/","http|192.168.8.1||/","http|192.168.010.1||/"
"http://00.00.00.00/","ipv4-octal","host","http|00.00.00.00||/ [warning-invalid-tld]","http|0.0.0.0||/","http|0.0.0.0||/","http|0.0.0.0||/","http|00.00.00.00||/"
"http://0000000000000000000000000000000000000000177.0.0.1/","ipv4-octal","host","http|0000000000000000000000000000000000000000177.0.0.1||/ [warning-invalid-tld]","http|127.0.0.1||/","http|127.0.0.1||/","http|127.0.0.1||/","http|0000000000000000000000000000000000000000177.0.0.1||/"
"http://1.2.3.08/","ipv4-octal","scheme,host,port,path","http|1.2.3.08||/ [warning-invalid-tld]","<error>","http|1.2.3.08||/","<reject>","http|1.2.3.08||/"
"http://09.2.3.4/","ipv4-octal","scheme,host,port,path","http|09.2.3.4||/ [warning-invalid-tld]","<error>","http|09.2.3.4||/","<reject>","http|09.2.3.4||/"
"http://192.168/","ipv4-short-form","host","http|192.168||/ [warning-invalid-tld]","http|192.0.0.168||/","http|192.0.0.168||/","http|192.0.0.168||/","http|192.168||/"
"http://192.168.257/","ipv4-short-form","host","http|192.168.257||/ [warning-invalid-tld]","http|192.168.1.1||/","http|192.168.1.1||/","http|192.168.1.1||/","http|192.168.257||/"
"http://256.1.1.1/","ipv4-overflow","scheme,host,port,path","http|256.1.1.1||/ [warning-invalid-tld]","<error>","http|256.1.1.1||/","<reject>","http|256.1.1.1||/"
"http://192.168.0.257/","ipv4-overflow","scheme,host,port,path","http|192.168.0.257||/ [warning-invalid-tld]","<error>","http|192.168.0.257||/","<reject>","http|192.168.0.257||/"
"http://1.2.3.4.5/","ipv4-over-arity","scheme,host,port,path","http|1.2.3.4.5||/ [warning-invalid-tld]","<error>","http|1.2.3.4.5||/","<reject>","http|1.2.3.4.5||/"
"http://ex.com/./g","dot-segment","path","http|ex.com||/g","http|ex.com||/g","http|ex.com||/g","http|ex.com||/g","http|ex.com||/./g"
"http://ex.com/../g","dot-segment","path","http|ex.com||/g","http|ex.com||/g","http|ex.com||/g","http|ex.com||/g","http|ex.com||/../g"
"http://foo.09","other","scheme,host,port,path","http|foo.09||/ [warning-invalid-tld]","<error>","http|foo.09||/","<reject>","http|foo.09||/"
"http://foo.0x4","other","scheme,host,port,path","http|foo.0x4||/ [warning-invalid-tld]","<error>","http|foo.0x4||/","<reject>","http|foo.0x4||/"
"http://0x1.2.3.4.5","other","scheme,host,port,path","http|0x1.2.3.4.5||/ [warning-invalid-tld]","<error>","http|0x1.2.3.4.5||/","<reject>","http|0x1.2.3.4.5||/"
"http://1.2.3.08","other","scheme,host,port,path","http|1.2.3.08||/ [warning-invalid-tld]","<error>","http|1.2.3.08||/","<reject>","http|1.2.3.08||/"
"http://a!b.example.com/","other","scheme,host,port,path","http|a!b.example.com||/ [warning-invalid-tld]","http|a!b.example.com||/ [warning-invalid-tld]","<error>","http|a!b.example.com||/","http|a!b.example.com||/"
"http://a'b.example.com/","other","scheme,host,port,path","http|a'b.example.com||/ [warning-invalid-tld]","http|a'b.example.com||/ [warning-invalid-tld]","<error>","http|a'b.example.com||/","http|a'b.example.com||/"
"http://a+b.example.com/","other","scheme,host,port,path","http|a+b.example.com||/ [warning-invalid-tld]","http|a+b.example.com||/ [warning-invalid-tld]","<error>","http|a+b.example.com||/","http|a+b.example.com||/"
"http://a=b.example.com/","other","scheme,host,port,path","http|a=b.example.com||/ [warning-invalid-tld]","http|a=b.example.com||/ [warning-invalid-tld]","<error>","http|a=b.example.com||/","http|a=b.example.com||/"
"http://a;b.example.com/","other","scheme,host,port,path","http|a;b.example.com||/ [warning-invalid-tld]","http|a;b.example.com||/ [warning-invalid-tld]","<error>","http|a;b.example.com||/","http|a;b.example.com||/"
"http://ex.com%60x.example.com/","other","scheme,host,port,path","http|ex.com%60x.example.com||/ [warning-invalid-tld]","http|ex.com`x.example.com||/ [warning-invalid-tld]","<error>","http|ex.com`x.example.com||/","http|ex.com%60x.example.com||/"
"file://example:1/","ext-wpt-urltestdata","scheme,host,port,path","<error>","<error>","<error>","<reject>","file|example|1|/"
"file://example:test/","ext-wpt-urltestdata","scheme,host,port,path","<error>","<error>","<error>","<reject>","file|example|test|/"
"file://example%/","ext-wpt-urltestdata","scheme,host,port,path","<error>","<error>","<error>","<reject>","file|example%||/"
"file://[example]/","ext-wpt-urltestdata","scheme,host,port,path","<error>","<error>","<error>","<reject>","file|||/"
"http://user:pass@/","ext-wpt-urltestdata","scheme,host,port,path","<error>","<error>","<error>","<reject>","http|||/"
"http://foo:-80/","ext-wpt-urltestdata","scheme,host,port,path","<error>","<error>","<error>","<reject>","http|foo|-80|/"
"http:/:@/www.example.com","ext-wpt-urltestdata","scheme,host,port,path","<error>","<error>","<error>","<reject>","|||/www.example.com"
"http://user@/www.example.com","ext-wpt-urltestdata","scheme,host,port,path","<error>","<error>","<error>","<reject>","http|||/www.example.com"
"http:@/www.example.com","ext-wpt-urltestdata","scheme,host,port,path","<error>","<error>","<error>","<reject>","|||/www.example.com"
"http:/@/www.example.com","ext-wpt-urltestdata","scheme,host,port,path","<error>","<error>","<error>","<reject>","|||/www.example.com"
"http://@/www.example.com","ext-wpt-urltestdata","scheme,host,port,path","<error>","<error>","<error>","<reject>","http|||/www.example.com"
"https:@/www.example.com","ext-wpt-urltestdata","scheme,host,port,path","<error>","<error>","<error>","<reject>","|||/www.example.com"
"http:a:b@/www.example.com","ext-wpt-urltestdata","scheme,host,port,path","<error>","<error>","<error>","<reject>","|||/www.example.com"
"http:/a:b@/www.example.com","ext-wpt-urltestdata","scheme,host,port,path","<error>","<error>","<error>","<reject>","|||/www.example.com"
"http://a:b@/www.example.com","ext-wpt-urltestdata","scheme,host,port,path","<error>","<error>","<error>","<reject>","http|||/www.example.com"
"http::@/www.example.com","ext-wpt-urltestdata","scheme,host,port,path","<error>","<error>","<error>","<reject>","|||/www.example.com"
"http:@:www.example.com","ext-wpt-urltestdata","scheme,host,port,path","<error>","<error>","<error>","<reject>","||www.example.com|/"
"http:/@:www.example.com","ext-wpt-urltestdata","scheme,host,port,path","<error>","<error>","<error>","<reject>","||www.example.com|/"
"http://@:www.example.com","ext-wpt-urltestdata","scheme,host,port,path","<error>","<error>","<error>","<reject>","http||www.example.com|/"
"https://�","ext-wpt-urltestdata","scheme,host,port,path","https|�||/ [warning-no-tld]","<error>","https|�||/","<reject>","https|�||/"
"https://%EF%BF%BD","ext-wpt-urltestdata","scheme,host,port,path","https|�||/ [warning-no-tld]","<error>","https|�||/","<reject>","https|%ef%bf%bd||/"
"https://x x:12","ext-wpt-urltestdata","scheme,host,port,path","<error>","<error>","<error>","<reject>","https|x x|12|/"
"http://[www.google.com]/","ext-wpt-urltestdata","scheme,host,port,path","<error>","<error>","<error>","<reject>","http|||/"
"sc://@/","ext-wpt-urltestdata","scheme,host,port,path","<error>","<error>","<error>","<reject>","sc|||/"
"sc://te@s:t@/","ext-wpt-urltestdata","scheme,host,port,path","<error>","<error>","<error>","<reject>","sc|s|t@|/"
"sc://:/","ext-wpt-urltestdata","scheme,host,port,path","<error>","<error>","<error>","<reject>","sc|||/"
"sc://:12/","ext-wpt-urltestdata","scheme,host,port,path","<error>","<error>","<error>","<reject>","sc||12|/"
"sc://a b/","ext-wpt-urltestdata","scheme,host,port,path","<error>","<error>","<error>","<reject>","sc|a b||/"
"sc://a<b","ext-wpt-urltestdata","scheme,host,port,path","<error>","<error>","<error>","<reject>","sc|a<b||/"
"sc://a>b","ext-wpt-urltestdata","scheme,host,port,path","<error>","<error>","<error>","<reject>","sc|a>b||/"
"sc://a[b/","ext-wpt-urltestdata","scheme,host,port,path","<error>","<error>","<error>","<reject>","sc|a[b||/"
"sc://a\b/","ext-wpt-urltestdata","scheme,host,port,path","<error>","<error>","<error>","<reject>","sc|a\b||/"
"sc://a]b/","ext-wpt-urltestdata","scheme,host,port,path","<error>","<error>","<error>","<reject>","sc|a]b||/"
"sc://a^b","ext-wpt-urltestdata","scheme,host,port,path","<error>","<error>","<error>","<reject>","sc|a^b||/"
"sc://a|b/","ext-wpt-urltestdata","scheme,host,port,path","<error>","<error>","sc|a|b||/","<reject>","sc|a|b||/"
"http://ab/","ext-wpt-urltestdata","scheme,host,port,path","<error>","<error>","<error>","<reject>","http|ab||/"
"http://ab/","ext-wpt-urltestdata","scheme,host,port,path","<error>","<error>","<error>","<reject>","http|ab||/"
"http://ab/","ext-wpt-urltestdata","scheme,host,port,path","<error>","<error>","<error>","<reject>","http|ab||/"
"http://ab/","ext-wpt-urltestdata","scheme,host,port,path","<error>","<error>","<error>","<reject>","http|ab||/"
"http://ab/","ext-wpt-urltestdata","scheme,host,port,path","<error>","<error>","<error>","<reject>","http|ab||/"
"http://ab/","ext-wpt-urltestdata","scheme,host,port,path","<error>","<error>","<error>","<reject>","http|ab||/"
"http://ab/","ext-wpt-urltestdata","scheme,host,port,path","<error>","<error>","<error>","<reject>","http|ab||/"
"http://ab/","ext-wpt-urltestdata","scheme,host,port,path","<error>","<error>","<error>","<reject>","http|ab||/"
"http://ab/","ext-wpt-urltestdata","scheme,host,port,path","<error>","<error>","<error>","<reject>","http|ab||/"
"http://ab/","ext-wpt-urltestdata","scheme,host,port,path","<error>","<error>","<error>","<reject>","http|ab||/"
"http://ab/","ext-wpt-urltestdata","scheme,host,port,path","<error>","<error>","<error>","<reject>","http|ab||/"
"http://ab/","ext-wpt-urltestdata","scheme,host,port,path","<error>","<error>","<error>","<reject>","http|ab||/"
"http://ab/","ext-wpt-urltestdata","scheme,host,port,path","<error>","<error>","<error>","<reject>","http|ab||/"
"http://ab/","ext-wpt-urltestdata","scheme,host,port,path","<error>","<error>","<error>","<reject>","http|ab||/"
"http://ab/","ext-wpt-urltestdata","scheme,host,port,path","<error>","<error>","<error>","<reject>","http|ab||/"
"http://ab/","ext-wpt-urltestdata","scheme,host,port,path","<error>","<error>","<error>","<reject>","http|ab||/"
"http://ab/","ext-wpt-urltestdata","scheme,host,port,path","<error>","<error>","<error>","<reject>","http|ab||/"
"http://ab/","ext-wpt-urltestdata","scheme,host,port,path","<error>","<error>","<error>","<reject>","http|ab||/"
"http://ab/","ext-wpt-urltestdata","scheme,host,port,path","<error>","<error>","<error>","<reject>","http|ab||/"
"http://ab/","ext-wpt-urltestdata","scheme,host,port,path","<error>","<error>","<error>","<reject>","http|ab||/"
"http://ab/","ext-wpt-urltestdata","scheme,host,port,path","<error>","<error>","<error>","<reject>","http|ab||/"
"http://ab/","ext-wpt-urltestdata","scheme,host,port,path","<error>","<error>","<error>","<reject>","http|ab||/"
"http://ab/","ext-wpt-urltestdata","scheme,host,port,path","<error>","<error>","<error>","<reject>","http|ab||/"
"http://ab/","ext-wpt-urltestdata","scheme,host,port,path","<error>","<error>","<error>","<reject>","http|ab||/"
"http://ab/","ext-wpt-urltestdata","scheme,host,port,path","<error>","<error>","<error>","<reject>","http|ab||/"
"http://ab/","ext-wpt-urltestdata","scheme,host,port,path","<error>","<error>","<error>","<reject>","http|ab||/"
"http://ab/","ext-wpt-urltestdata","scheme,host,port,path","<error>","<error>","<error>","<reject>","http|ab||/"
"http://ab/","ext-wpt-urltestdata","scheme,host,port,path","<error>","<error>","<error>","<reject>","http|ab||/"
"http://a b/","ext-wpt-urltestdata","scheme,host,port,path","<error>","<error>","<error>","<reject>","http|a b||/"
"http://a%b/","ext-wpt-urltestdata","scheme,host,port,path","<error>","<error>","<error>","<reject>","http|a%b||/"
"http://a<b","ext-wpt-urltestdata","scheme,host,port,path","<error>","<error>","<error>","<reject>","http|a<b||/"
"http://a>b","ext-wpt-urltestdata","scheme,host,port,path","<error>","<error>","<error>","<reject>","http|a>b||/"
"http://a[b/","ext-wpt-urltestdata","scheme,host,port,path","<error>","<error>","<error>","<reject>","http|a[b||/"
"http://a]b/","ext-wpt-urltestdata","scheme,host,port,path","<error>","<error>","<error>","<reject>","http|a]b||/"
"http://a^b","ext-wpt-urltestdata","scheme,host,port,path","<error>","<error>","<error>","<reject>","http|a^b||/"
"http://a|b/","ext-wpt-urltestdata","scheme,host,port,path","http|a|b||/ [warning-no-tld]","<error>","http|a|b||/","<reject>","http|a|b||/"
"http://ab/","ext-wpt-urltestdata","scheme,host,port,path","<error>","<error>","<error>","<reject>","http|ab||/"
"http://ho%00st/","ext-wpt-urltestdata","scheme,host,port,path","<error>","<error>","<error>","<reject>","http|ho%00st||/"
"http://ho%01st/","ext-wpt-urltestdata","scheme,host,port,path","<error>","<error>","<error>","<reject>","http|ho%01st||/"
"http://ho%02st/","ext-wpt-urltestdata","scheme,host,port,path","<error>","<error>","<error>","<reject>","http|ho%02st||/"
"http://ho%03st/","ext-wpt-urltestdata","scheme,host,port,path","<error>","<error>","<error>","<reject>","http|ho%03st||/"
"http://ho%04st/","ext-wpt-urltestdata","scheme,host,port,path","<error>","<error>","<error>","<reject>","http|ho%04st||/"
"http://ho%05st/","ext-wpt-urltestdata","scheme,host,port,path","<error>","<error>","<error>","<reject>","http|ho%05st||/"
"http://ho%06st/","ext-wpt-urltestdata","scheme,host,port,path","<error>","<error>","<error>","<reject>","http|ho%06st||/"
"http://ho%07st/","ext-wpt-urltestdata","scheme,host,port,path","<error>","<error>","<error>","<reject>","http|ho%07st||/"
"http://ho%08st/","ext-wpt-urltestdata","scheme,host,port,path","<error>","<error>","<error>","<reject>","http|ho%08st||/"
"http://ho%09st/","ext-wpt-urltestdata","scheme,host,port,path","<error>","<error>","<error>","<reject>","http|ho%09st||/"
"http://ho%0Ast/","ext-wpt-urltestdata","scheme,host,port,path","<error>","<error>","<error>","<reject>","http|ho%0ast||/"
"http://ho%0Bst/","ext-wpt-urltestdata","scheme,host,port,path","<error>","<error>","<error>","<reject>","http|ho%0bst||/"
"http://ho%0Cst/","ext-wpt-urltestdata","scheme,host,port,path","<error>","<error>","<error>","<reject>","http|ho%0cst||/"
"http://ho%0Dst/","ext-wpt-urltestdata","scheme,host,port,path","<error>","<error>","<error>","<reject>","http|ho%0dst||/"
"http://ho%0Est/","ext-wpt-urltestdata","scheme,host,port,path","<error>","<error>","<error>","<reject>","http|ho%0est||/"
"http://ho%0Fst/","ext-wpt-urltestdata","scheme,host,port,path","<error>","<error>","<error>","<reject>","http|ho%0fst||/"
"http://ho%10st/","ext-wpt-urltestdata","scheme,host,port,path","<error>","<error>","<error>","<reject>","http|ho%10st||/"
"http://ho%11st/","ext-wpt-urltestdata","scheme,host,port,path","<error>","<error>","<error>","<reject>","http|ho%11st||/"
"http://ho%12st/","ext-wpt-urltestdata","scheme,host,port,path","<error>","<error>","<error>","<reject>","http|ho%12st||/"
"http://ho%13st/","ext-wpt-urltestdata","scheme,host,port,path","<error>","<error>","<error>","<reject>","http|ho%13st||/"
"http://ho%14st/","ext-wpt-urltestdata","scheme,host,port,path","<error>","<error>","<error>","<reject>","http|ho%14st||/"
"http://ho%15st/","ext-wpt-urltestdata","scheme,host,port,path","<error>","<error>","<error>","<reject>","http|ho%15st||/"
"http://ho%16st/","ext-wpt-urltestdata","scheme,host,port,path","<error>","<error>","<error>","<reject>","http|ho%16st||/"
"http://ho%17st/","ext-wpt-urltestdata","scheme,host,port,path","<error>","<error>","<error>","<reject>","http|ho%17st||/"
"http://ho%18st/","ext-wpt-urltestdata","scheme,host,port,path","<error>","<error>","<error>","<reject>","http|ho%18st||/"
"http://ho%19st/","ext-wpt-urltestdata","scheme,host,port,path","<error>","<error>","<error>","<reject>","http|ho%19st||/"
"http://ho%1Ast/","ext-wpt-urltestdata","scheme,host,port,path","<error>","<error>","<error>","<reject>","http|ho%1ast||/"
"http://ho%1Bst/","ext-wpt-urltestdata","scheme,host,port,path","<error>","<error>","<error>","<reject>","http|ho%1bst||/"
"http://ho%1Cst/","ext-wpt-urltestdata","scheme,host,port,path","<error>","<error>","<error>","<reject>","http|ho%1cst||/"
"http://ho%1Dst/","ext-wpt-urltestdata","scheme,host,port,path","<error>","<error>","<error>","<reject>","http|ho%1dst||/"
"http://ho%1Est/","ext-wpt-urltestdata","scheme,host,port,path","<error>","<error>","<error>","<reject>","http|ho%1est||/"
"http://ho%1Fst/","ext-wpt-urltestdata","scheme,host,port,path","<error>","<error>","<error>","<reject>","http|ho%1fst||/"
"http://ho%20st/","ext-wpt-urltestdata","scheme,host,port,path","<error>","<error>","<error>","<reject>","http|ho%20st||/"
"http://ho%23st/","ext-wpt-urltestdata","scheme,host,port,path","<error>","<error>","<error>","<reject>","http|ho%23st||/"
"http://ho%25st/","ext-wpt-urltestdata","scheme,host,port,path","<error>","<error>","<error>","<reject>","http|ho%25st||/"
"http://ho%2Fst/","ext-wpt-urltestdata","scheme,host,port,path","<error>","<error>","<error>","<reject>","http|ho%2fst||/"
"http://ho%3Ast/","ext-wpt-urltestdata","scheme,host,port,path","<error>","<error>","<error>","<reject>","http|ho%3ast||/"
"http://ho%3Cst/","ext-wpt-urltestdata","scheme,host,port,path","<error>","<error>","<error>","<reject>","http|ho%3cst||/"
"http://ho%3Est/","ext-wpt-urltestdata","scheme,host,port,path","<error>","<error>","<error>","<reject>","http|ho%3est||/"
"http://ho%3Fst/","ext-wpt-urltestdata","scheme,host,port,path","<error>","<error>","<error>","<reject>","http|ho%3fst||/"
"http://ho%40st/","ext-wpt-urltestdata","scheme,host,port,path","<error>","<error>","<error>","<reject>","http|ho%40st||/"
"http://ho%5Bst/","ext-wpt-urltestdata","scheme,host,port,path","<error>","<error>","<error>","<reject>","http|ho%5bst||/"
"http://ho%5Cst/","ext-wpt-urltestdata","scheme,host,port,path","<error>","<error>","<error>","<reject>","http|ho%5cst||/"
"http://ho%5Dst/","ext-wpt-urltestdata","scheme,host,port,path","<error>","<error>","<error>","<reject>","http|ho%5dst||/"
"http://ho%7Cst/","ext-wpt-urltestdata","scheme,host,port,path","http|ho|st||/ [warning-no-tld]","<error>","http|ho|st||/","<reject>","http|ho%7cst||/"
"http://ho%7Fst/","ext-wpt-urltestdata","scheme,host,port,path","http|host||/ [warning-no-tld]","<error>","http|host||/","<reject>","http|ho%7fst||/"
"ftp://example.com%80/","ext-wpt-urltestdata","scheme,host,port,path","<error>","<error>","<error>","<reject>","ftp|example.com%80||/"
"ftp://example.com%A0/","ext-wpt-urltestdata","scheme,host,port,path","<error>","<error>","<error>","<reject>","ftp|example.com%a0||/"
"https://example.com%80/","ext-wpt-urltestdata","scheme,host,port,path","<error>","<error>","<error>","<reject>","https|example.com%80||/"
"https://example.com%A0/","ext-wpt-urltestdata","scheme,host,port,path","<error>","<error>","<error>","<reject>","https|example.com%a0||/"
"https://0x100000000/test","ext-wpt-urltestdata","scheme,host,port,path","https|0x100000000||/test [warning-no-tld]","<error>","https|0x100000000||/test","<reject>","https|0x100000000||/test"
"https://256.0.0.1/test","ext-wpt-urltestdata","scheme,host,port,path","https|256.0.0.1||/test [warning-invalid-tld]","<error>","https|256.0.0.1||/test","<reject>","https|256.0.0.1||/test"
"file://%43%3A","ext-wpt-urltestdata","scheme,host,port,path","file|%43%3a||/","<error>","<error>","<reject>","file|%43%3a||/"
"file://%43%7C","ext-wpt-urltestdata","scheme,host,port,path","file|%43%7c||/","<error>","<error>","<reject>","file|%43%7c||/"
"file://%43|","ext-wpt-urltestdata","scheme,host,port,path","<error>","<error>","<error>","<reject>","file|%43|||/"
"file://C%7C","ext-wpt-urltestdata","scheme,host,port,path","file|c%7c||/","<error>","<error>","<reject>","file|c%7c||/"
"file://%43%7C/","ext-wpt-urltestdata","scheme,host,port,path","file|%43%7c||/","<error>","<error>","<reject>","file|%43%7c||/"
"https://%43%7C/","ext-wpt-urltestdata","scheme,host,port,path","https|c|||/ [warning-no-tld]","<error>","https|C|||/","<reject>","https|%43%7c||/"
"asdf://%43|/","ext-wpt-urltestdata","scheme,host,port,path","<error>","<error>","asdf|C|||/","<reject>","asdf|%43|||/"
"\\\.\Y:","ext-wpt-urltestdata","scheme,host,port,path","<error>","<error>","<error>","<reject>","|\\\.\y||/"
"\\\.\y:","ext-wpt-urltestdata","scheme,host,port,path","<error>","<error>","<error>","<reject>","|\\\.\y||/"
"https://[0::0::0]","ext-wpt-urltestdata","scheme,host,port,path","<error>","<error>","<error>","<reject>","https|0::0::0||/"
"https://[0:.0]","ext-wpt-urltestdata","scheme,host,port,path","<error>","<error>","<error>","<reject>","https|0:.0||/"
"https://[0:0:]","ext-wpt-urltestdata","scheme,host,port,path","<error>","<error>","<error>","<reject>","https|0:0:||/"
"https://[0:1:2:3:4:5:6:7.0.0.0.1]","ext-wpt-urltestdata","scheme,host,port,path","<error>","<error>","<error>","<reject>","https|0:1:2:3:4:5:6:7.0.0.0.1||/"
"https://[0:1.00.0.0.0]","ext-wpt-urltestdata","scheme,host,port,path","<error>","<error>","<error>","<reject>","https|0:1.00.0.0.0||/"
"https://[0:1.290.0.0.0]","ext-wpt-urltestdata","scheme,host,port,path","<error>","<error>","<error>","<reject>","https|0:1.290.0.0.0||/"
"https://[0:1.23.23]","ext-wpt-urltestdata","scheme,host,port,path","<error>","<error>","<error>","<reject>","https|0:1.23.23||/"
"http://?","ext-wpt-urltestdata","scheme,host,port,path","<error>","<error>","<error>","<reject>","http|||/"
"http://#","ext-wpt-urltestdata","scheme,host,port,path","<error>","<error>","<error>","<reject>","http|||/"
"non-special://[:80/","ext-wpt-urltestdata","scheme,host,port,path","<error>","<error>","<error>","<reject>","non-special|[|80|/"
"http://[::127.0.0.0.1]","ext-wpt-urltestdata","scheme,host,port,path","<error>","<error>","<error>","<reject>","http|::127.0.0.0.1||/"
"a","ext-wpt-urltestdata","scheme,host,port,path","<error>","<error>","<error>","<reject>","|a||/"
"a/","ext-wpt-urltestdata","scheme,host,port,path","<error>","<error>","<error>","<reject>","|a||/"
"a//","ext-wpt-urltestdata","scheme,host,port,path","<error>","<error>","<error>","<reject>","|a||/"
"file://­/p","ext-wpt-urltestdata","scheme,host,port,path","file|­||/p","<error>","<error>","<reject>","file|­||/p"
"file://%C2%AD/p","ext-wpt-urltestdata","scheme,host,port,path","file|%c2%ad||/p","<error>","<error>","<reject>","file|%c2%ad||/p"
"#","ext-wpt-urltestdata","scheme,host,port,path","<error>","<error>","<error>","<reject>","|||/"
"?","ext-wpt-urltestdata","scheme,host,port,path","<error>","<error>","<error>","<reject>","|||/"
"http://0..0x300/","ext-wpt-urltestdata","scheme,host,port,path","http|0..0x300||/ [warning-invalid-tld]","<error>","http|0..0x300||/","<reject>","http|0..0x300||/"
"http://0..0x300./","ext-wpt-urltestdata","scheme,host,port,path","http|0..0x300.||/ [warning-invalid-tld]","<error>","http|0..0x300.||/","<reject>","http|0..0x300.||/"
"http://1.2.3.08.","ext-wpt-urltestdata","scheme,host,port,path","http|1.2.3.08.||/ [warning-invalid-tld]","<error>","http|1.2.3.08.||/","<reject>","http|1.2.3.08.||/"
"http://1.2.3.09","ext-wpt-urltestdata","scheme,host,port,path","http|1.2.3.09||/ [warning-invalid-tld]","<error>","http|1.2.3.09||/","<reject>","http|1.2.3.09||/"
"http://09.2.3.4","ext-wpt-urltestdata","scheme,host,port,path","http|09.2.3.4||/ [warning-invalid-tld]","<error>","http|09.2.3.4||/","<reject>","http|09.2.3.4||/"
"http://09.2.3.4.","ext-wpt-urltestdata","scheme,host,port,path","http|09.2.3.4.||/ [warning-invalid-tld]","<error>","http|09.2.3.4.||/","<reject>","http|09.2.3.4.||/"
"http://01.2.3.4.5","ext-wpt-urltestdata","scheme,host,port,path","http|01.2.3.4.5||/ [warning-invalid-tld]","<error>","http|01.2.3.4.5||/","<reject>","http|01.2.3.4.5||/"
"http://01.2.3.4.5.","ext-wpt-urltestdata","scheme,host,port,path","http|01.2.3.4.5.||/ [warning-invalid-tld]","<error>","http|01.2.3.4.5.||/","<reject>","http|01.2.3.4.5.||/"
"http://0x100.2.3.4","ext-wpt-urltestdata","scheme,host,port,path","http|0x100.2.3.4||/ [warning-invalid-tld]","<error>","http|0x100.2.3.4||/","<reject>","http|0x100.2.3.4||/"
"http://0x100.2.3.4.","ext-wpt-urltestdata","scheme,host,port,path","http|0x100.2.3.4.||/ [warning-invalid-tld]","<error>","http|0x100.2.3.4.||/","<reject>","http|0x100.2.3.4.||/"
"http://0x1.2.3.4.5.","ext-wpt-urltestdata","scheme,host,port,path","http|0x1.2.3.4.5.||/ [warning-invalid-tld]","<error>","http|0x1.2.3.4.5.||/","<reject>","http|0x1.2.3.4.5.||/"
"http://foo.1.2.3.4","ext-wpt-urltestdata","scheme,host,port,path","http|foo.1.2.3.4||/ [warning-invalid-tld]","<error>","http|foo.1.2.3.4||/","<reject>","http|foo.1.2.3.4||/"
"http://foo.1.2.3.4.","ext-wpt-urltestdata","scheme,host,port,path","http|foo.1.2.3.4.||/ [warning-invalid-tld]","<error>","http|foo.1.2.3.4.||/","<reject>","http|foo.1.2.3.4.||/"
"http://foo.2.3.4","ext-wpt-urltestdata","scheme,host,port,path","http|foo.2.3.4||/ [warning-invalid-tld]","<error>","http|foo.2.3.4||/","<reject>","http|foo.2.3.4||/"
"http://foo.2.3.4.","ext-wpt-urltestdata","scheme,host,port,path","http|foo.2.3.4.||/ [warning-invalid-tld]","<error>","http|foo.2.3.4.||/","<reject>","http|foo.2.3.4.||/"
"http://foo.09.","ext-wpt-urltestdata","scheme,host,port,path","http|foo.09.||/ [warning-invalid-tld]","<error>","http|foo.09.||/","<reject>","http|foo.09.||/"
"http://foo.0x4.","ext-wpt-urltestdata","scheme,host,port,path","http|foo.0x4.||/ [warning-invalid-tld]","<error>","http|foo.0x4.||/","<reject>","http|foo.0x4.||/"
"http://0999999999999999999/","ext-wpt-urltestdata","scheme,host,port,path","http|0999999999999999999||/ [warning-no-tld]","<error>","http|0999999999999999999||/","<reject>","http|0999999999999999999||/"
"http://foo.0x","ext-wpt-urltestdata","scheme,host,port,path","http|foo.0x||/ [warning-invalid-tld]","<error>","http|foo.0x||/","<reject>","http|foo.0x||/"
"http://foo.0XFfFfFfFfFfFfFfFfFfAcE123","ext-wpt-urltestdata","scheme,host,port,path","http|foo.0xfffffffffffffffffface123||/ [warning-invalid-tld]","<error>","http|foo.0XFfFfFfFfFfFfFfFfFfAcE123||/","<reject>","http|foo.0xfffffffffffffffffface123||/"
"http://💩.123/","ext-wpt-urltestdata","scheme,host,port,path","http|💩.123||/ [warning-invalid-tld]","<error>","http|💩.123||/","<reject>","http|💩.123||/"
"https://￿y","ext-wpt-urltestdata","scheme,host,port,path","https|￿y||/ [warning-no-tld]","<error>","https|￿y||/","<reject>","https|￿y||/"
"","ext-wpt-urltestdata","scheme,host,port,path","<error>","<error>","<error>","<reject>","|||/"
"https://­/","ext-wpt-urltestdata","scheme,host,port,path","https|­||/ [warning-no-tld]","<error>","https|­||/","<reject>","https|­||/"
"https://%C2%AD/","ext-wpt-urltestdata","scheme,host,port,path","https|­||/ [warning-no-tld]","<error>","https|­||/","<reject>","https|%c2%ad||/"
"data://:443","ext-wpt-urltestdata","scheme,host,port,path","<error>","<error>","<error>","<reject>","data||443|/"
"data://test:test","ext-wpt-urltestdata","scheme,host,port,path","<error>","<error>","<error>","<reject>","data|test|test|/"
"data://[:1]","ext-wpt-urltestdata","scheme,host,port,path","<error>","<error>","<error>","<reject>","data|:1||/"
"javascript://:443","ext-wpt-urltestdata","scheme,host,port,path","<error>","<error>","<error>","<reject>","javascript||443|/"
"javascript://test:test","ext-wpt-urltestdata","scheme,host,port,path","<error>","<error>","<error>","<reject>","javascript|test|test|/"
"javascript://[:1]","ext-wpt-urltestdata","scheme,host,port,path","<error>","<error>","<error>","<reject>","javascript|:1||/"
"mailto://:443","ext-wpt-urltestdata","scheme,host,port,path","<error>","<error>","<error>","<reject>","mailto||443|/"
"mailto://test:test","ext-wpt-urltestdata","scheme,host,port,path","<error>","<error>","<error>","<reject>","mailto|test|test|/"
"mailto://[:1]","ext-wpt-urltestdata","scheme,host,port,path","<error>","<error>","<error>","<reject>","mailto|:1||/"
"intent://:443","ext-wpt-urltestdata","scheme,host,port,path","<error>","<error>","<error>","<reject>","intent||443|/"
"intent://test:test","ext-wpt-urltestdata","scheme,host,port,path","<error>","<error>","<error>","<reject>","intent|test|test|/"
"intent://[:1]","ext-wpt-urltestdata","scheme,host,port,path","<error>","<error>","<error>","<reject>","intent|:1||/"
"urn://:443","ext-wpt-urltestdata","scheme,host,port,path","<error>","<error>","<error>","<reject>","urn||443|/"
"urn://test:test","ext-wpt-urltestdata","scheme,host,port,path","<error>","<error>","<error>","<reject>","urn|test|test|/"
"urn://[:1]","ext-wpt-urltestdata","scheme,host,port,path","<error>","<error>","<error>","<reject>","urn|:1||/"
"turn://:443","ext-wpt-urltestdata","scheme,host,port,path","<error>","<error>","<error>","<reject>","turn||443|/"
"turn://test:test","ext-wpt-urltestdata","scheme,host,port,path","<error>","<error>","<error>","<reject>","turn|test|test|/"
"turn://[:1]","ext-wpt-urltestdata","scheme,host,port,path","<error>","<error>","<error>","<reject>","turn|:1||/"
"stun://:443","ext-wpt-urltestdata","scheme,host,port,path","<error>","<error>","<error>","<reject>","stun||443|/"
"stun://test:test","ext-wpt-urltestdata","scheme,host,port,path","<error>","<error>","<error>","<reject>","stun|test|test|/"
"stun://[:1]","ext-wpt-urltestdata","scheme,host,port,path","<error>","<error>","<error>","<reject>","stun|:1||/"
"non-special://host\a","ext-wpt-urltestdata","scheme,host,port,path","<error>","<error>","<error>","<reject>","non-special|host\a||/"
"http://0x7f.0x0.0x0.0x1/","ext-ip-obfuscation","host","http|0x7f.0x0.0x0.0x1||/ [warning-invalid-tld]","http|127.0.0.1||/","http|127.0.0.1||/","http|127.0.0.1||/","http|0x7f.0x0.0x0.0x1||/"
"http://0x7f.0x00.0x00.0x01/","ext-ip-obfuscation","host","http|0x7f.0x00.0x00.0x01||/ [warning-invalid-tld]","http|127.0.0.1||/","http|127.0.0.1||/","http|127.0.0.1||/","http|0x7f.0x00.0x00.0x01||/"
"http://0x7f.1/","ext-ip-obfuscation","host","http|0x7f.1||/ [warning-invalid-tld]","http|127.0.0.1||/","http|127.0.0.1||/","http|127.0.0.1||/","http|0x7f.1||/"
"http://0x7f.00.0.1/","ext-ip-obfuscation","host","http|0x7f.00.0.1||/ [warning-invalid-tld]","http|127.0.0.1||/","http|127.0.0.1||/","http|127.0.0.1||/","http|0x7f.00.0.1||/"
"http://0x7f.256/","ext-ip-obfuscation","host","http|0x7f.256||/ [warning-invalid-tld]","http|127.0.1.0||/","http|127.0.1.0||/","http|127.0.1.0||/","http|0x7f.256||/"
"http://0177.00.00.01/","ext-ip-obfuscation","host","http|0177.00.00.01||/ [warning-invalid-tld]","http|127.0.0.1||/","http|127.0.0.1||/","http|127.0.0.1||/","http|0177.00.00.01||/"
"http://0177.000.0000.00001/","ext-ip-obfuscation","host","http|0177.000.0000.00001||/ [warning-invalid-tld]","http|127.0.0.1||/","http|127.0.0.1||/","http|127.0.0.1||/","http|0177.000.0000.00001||/"
"http://0177.0x0.1/","ext-ip-obfuscation","host","http|0177.0x0.1||/ [warning-invalid-tld]","http|127.0.0.1||/","http|127.0.0.1||/","http|127.0.0.1||/","http|0177.0x0.1||/"
"http://127.0.1/","ext-ip-obfuscation","host","http|127.0.1||/ [warning-invalid-tld]","http|127.0.0.1||/","http|127.0.0.1||/","http|127.0.0.1||/","http|127.0.1||/"
"http://127。0。0。1/","ext-ip-obfuscation","host","http|127。0。0。1||/ [warning-no-tld]","http|127.0.0.1||/","http|127。0。0。1||/","http|127.0.0.1||/","http|127。0。0。1||/"
"http://127．0．0．1/","ext-ip-obfuscation","host","http|127．0．0．1||/ [warning-no-tld]","http|127.0.0.1||/","http|127．0．0．1||/","http|127.0.0.1||/","http|127．0．0．1||/"
"http://127｡0｡0｡1/","ext-ip-obfuscation","host","http|127｡0｡0｡1||/ [warning-no-tld]","http|127.0.0.1||/","http|127｡0｡0｡1||/","http|127.0.0.1||/","http|127｡0｡0｡1||/"
"http://0xa9fea9fe/","ext-ip-obfuscation","host","http|0xa9fea9fe||/ [warning-no-tld]","http|169.254.169.254||/","http|169.254.169.254||/","http|169.254.169.254||/","http|0xa9fea9fe||/"
"http://0xa9.0xfe.0xa9.0xfe/","ext-ip-obfuscation","host","http|0xa9.0xfe.0xa9.0xfe||/ [warning-invalid-tld]","http|169.254.169.254||/","http|169.254.169.254||/","http|169.254.169.254||/","http|0xa9.0xfe.0xa9.0xfe||/"
"http://2852039166/","ext-ip-obfuscation","host","http|2852039166||/ [warning-no-tld]","http|169.254.169.254||/","http|169.254.169.254||/","http|169.254.169.254||/","http|2852039166||/"
"http://0251.0376.0251.0376/","ext-ip-obfuscation","host","http|0251.0376.0251.0376||/ [warning-invalid-tld]","http|169.254.169.254||/","http|169.254.169.254||/","http|169.254.169.254||/","http|0251.0376.0251.0376||/"
"http://0xa9.254.0xa9.0376/","ext-ip-obfuscation","host","http|0xa9.254.0xa9.0376||/ [warning-invalid-tld]","http|169.254.169.254||/","http|169.254.169.254||/","http|169.254.169.254||/","http|0xa9.254.0xa9.0376||/"
"http://[::ffff:127.0.0.1]/","ext-ip-obfuscation","host","http|[::ffff:127.0.0.1]||/","http|[::ffff:7f00:1]||/","http|[::ffff:127.0.0.1]||/","http|[::ffff:7f00:1]||/","http|||/"
"http://[::127.0.0.1]/","ext-ip-obfuscation","host","http|[::127.0.0.1]||/","http|[::7f00:1]||/","http|[::127.0.0.1]||/","http|[::7f00:1]||/","http|||/"
"http://256.256.256.1/","ext-ip-obfuscation","scheme,host,port,path","http|256.256.256.1||/ [warning-invalid-tld]","<error>","http|256.256.256.1||/","<reject>","http|256.256.256.1||/"
"http://0xffffffff.0/","ext-ip-obfuscation","scheme,host,port,path","http|0xffffffff.0||/ [warning-invalid-tld]","<error>","http|0xffffffff.0||/","<reject>","http|0xffffffff.0||/"
"http://6442450945/","ext-ip-obfuscation","scheme,host,port,path","http|6442450945||/ [warning-no-tld]","<error>","http|6442450945||/","<reject>","http|6442450945||/"
"http://[::ffff:127.0.0.1%2523]/","ext-ip-obfuscation","scheme,host,port,path","<error>","<error>","http|[::ffff:127.0.0.1]||/","<reject>","http|||/"
"https://lemire.me/école","ext-ada-extra-urltestdata","","https|lemire.me||/école","https|lemire.me||/école","https|lemire.me||/école","https|lemire.me||/%C3%A9cole","https|lemire.me||/école"
"http://./","ext-ada-extra-urltestdata","","http|.||/ [warning-invalid-tld]","http|.||/ [warning-invalid-tld]","http|.||/","http|.||/","http|.||/"
"example.com`x.example.com","ext-ada-extra-urltestdata","scheme,host,port,path","<error>","<error>","<error>","<reject>","|example.com`x.example.com||/"
"http://Yağız.com","ext-ada-extra-urltestdata","host","http|yağız.com||/","http|yağız.com||/","http|Yağız.com||/","http|yağız.com||/","http|yağız.com||/"
"fs:/hello.eth","ext-ada-extra-urltestdata","scheme,host,port,path","<error>","<error>","fs|hello.eth||/","fs|||/hello.eth","|fs||/hello.eth"
"http://///\'","ext-ada-extra-urltestdata","scheme,host,port,path","<error>","http|'||/ [warning-no-tld]","<error>","http|'||/","http|||//\'"
"http://[0:0:0:0:0:0:0:0","ext-ada-extra-urltestdata","scheme,host,port,path","<error>","<error>","<error>","<reject>","http|[0|0:0:0:0:0:0:0|/"
"http://0:0:0:0:0:0:0:0]","ext-ada-extra-urltestdata","scheme,host,port,path","<error>","<error>","<error>","<reject>","http|0|0:0:0:0:0:0:0]|/"
"mailto:a@b.com","ext-ada-extra-urltestdata","scheme,host,port,path","<error>","<error>","<error>","mailto|||/a@b.com","|b.com||/"
"scheme:example.com","ext-ada-extra-urltestdata","scheme,host,port,path","<error>","<error>","<error>","scheme|||/example.com","|scheme|example.com|/"
"scheme:example.com/path","ext-ada-extra-urltestdata","scheme,host,port,path","<error>","<error>","<error>","scheme|||/example.com/path","|scheme|example.com|/path"
"scheme://example.com:-1","ext-ada-extra-urltestdata","scheme,host,port,path","<error>","<error>","<error>","<reject>","scheme|example.com|-1|/"
"scheme://example.com:+1","ext-ada-extra-urltestdata","scheme,host,port,path","<error>","<error>","<error>","<reject>","scheme|example.com|+1|/"
"schéme://example.com","ext-ada-extra-urltestdata","scheme,host,port,path","<error>","<error>","<error>","<reject>","schéme|example.com||/"
"scheme://username@@@@example.com","ext-ada-extra-urltestdata","scheme,host,port,path","<error>","<error>","<error>","scheme|example.com||/","scheme|@@@example.com||/"
"file://localhost/path/to/file.txt","ext-ada-extra-urltestdata","host","file|||/path/to/file.txt","file|||/path/to/file.txt","file|||/path/to/file.txt","file|||/path/to/file.txt","file|localhost||/path/to/file.txt"
"file://localhost:8098/path/to/file.txt","ext-ada-extra-urltestdata","scheme,host,port,path","<error>","<error>","<error>","<reject>","file|localhost|8098|/path/to/file.txt"
"data:space    ?test#test","ext-ada-extra-urltestdata","scheme,host,port,path","<error>","<error>","<error>","data|||/space   %20","|data|space    |/"
"https://example.com/""quoted""","ext-ada-extra-urltestdata","","https|example.com||/""quoted""","https|example.com||/""quoted""","https|example.com||/""quoted""","https|example.com||/%22quoted%22","https|example.com||/""quoted"""
"a:b#","ext-ada-extra-urltestdata","scheme,host,port,path","<error>","<error>","<error>","a|||/b","|a|b|/"
"http://lorenlorenlorenlorenlorenlorenlorenlorenlorenlorenlorenlorenlore.com","ext-ada-verifydnslength","","http|lorenlorenlorenlorenlorenlorenlorenlorenlorenlorenlorenlorenlore.com||/ [warning-invalid-tld]","http|lorenlorenlorenlorenlorenlorenlorenlorenlorenlorenlorenlorenlore.com||/ [warning-invalid-tld]","http|lorenlorenlorenlorenlorenlorenlorenlorenlorenlorenlorenlorenlore.com||/","http|lorenlorenlorenlorenlorenlorenlorenlorenlorenlorenlorenlorenlore.com||/","http|lorenlorenlorenlorenlorenlorenlorenlorenlorenlorenlorenlorenlore.com||/"
"http://br.lorenlorenlorenlorenlorenlorenlorenlorenlorenlorenlorenlorenlore.org/","ext-ada-verifydnslength","","http|br.lorenlorenlorenlorenlorenlorenlorenlorenlorenlorenlorenlorenlore.org||/ [warning-invalid-tld]","http|br.lorenlorenlorenlorenlorenlorenlorenlorenlorenlorenlorenlorenlore.org||/ [warning-invalid-tld]","http|br.lorenlorenlorenlorenlorenlorenlorenlorenlorenlorenlorenlorenlore.org||/","http|br.lorenlorenlorenlorenlorenlorenlorenlorenlorenlorenlorenlorenlore.org||/","http|br.lorenlorenlorenlorenlorenlorenlorenlorenlorenlorenlorenlorenlore.org||/"
"http://exampleexampleexampleexampleexampleexampleexampleexampleexampleexample.lorenlorenlorenlorenlorenlorenlorenlorenlorenlorenlorenlorenlore.org.br/","ext-ada-verifydnslength","","http|exampleexampleexampleexampleexampleexampleexampleexampleexampleexample.lorenlorenlorenlorenlorenlorenlorenlorenlorenlorenlorenlorenlore.org.br||/ [warning-invalid-tld]","http|exampleexampleexampleexampleexampleexampleexampleexampleexampleexample.lorenlorenlorenlorenlorenlorenlorenlorenlorenlorenlorenlorenlore.org.br||/ [warning-invalid-tld]","http|exampleexampleexampleexampleexampleexampleexampleexampleexampleexample.lorenlorenlorenlorenlorenlorenlorenlorenlorenlorenlorenlorenlore.org.br||/","http|exampleexampleexampleexampleexampleexampleexampleexampleexampleexample.lorenlorenlorenlorenlorenlorenlorenlorenlorenlorenlorenlorenlore.org.br||/","http|exampleexampleexampleexampleexampleexampleexampleexampleexampleexample.lorenlorenlorenlorenlorenlorenlorenlorenlorenlorenlorenlorenlore.org.br||/"
"http://br.exampleexampleexampleexampleexampleexampleexampleexampleexampleexample.lorenlorenlorenlorenlorenlorenlorenlorenlorenlorenlorenlorenlore","ext-ada-verifydnslength","","http|br.exampleexampleexampleexampleexampleexampleexampleexampleexampleexample.lorenlorenlorenlorenlorenlorenlorenlorenlorenlorenlorenlorenlore||/ [warning-invalid-tld]","http|br.exampleexampleexampleexampleexampleexampleexampleexampleexampleexample.lorenlorenlorenlorenlorenlorenlorenlorenlorenlorenlorenlorenlore||/ [warning-invalid-tld]","http|br.exampleexampleexampleexampleexampleexampleexampleexampleexampleexample.lorenlorenlorenlorenlorenlorenlorenlorenlorenlorenlorenlorenlore||/","http|br.exampleexampleexampleexampleexampleexampleexampleexampleexampleexample.lorenlorenlorenlorenlorenlorenlorenlorenlorenlorenlorenlorenlore||/","http|br.exampleexampleexampleexampleexampleexampleexampleexampleexampleexample.lorenlorenlorenlorenlorenlorenlorenlorenlorenlorenlorenlorenlore||/"
"http://example..com.br","ext-ada-verifydnslength","","http|example..com.br||/ [warning-invalid-tld]","http|example..com.br||/ [warning-invalid-tld]","http|example..com.br||/","http|example..com.br||/","http|example..com.br||/"
"http://example.com.br..","ext-ada-verifydnslength","","http|example.com.br..||/ [warning-invalid-tld]","http|example.com.br..||/ [warning-invalid-tld]","http|example.com.br..||/","http|example.com.br..||/","http|example.com.br..||/"
"http://example.com.br....","ext-ada-verifydnslength","","http|example.com.br....||/ [warning-invalid-tld]","http|example.com.br....||/ [warning-invalid-tld]","http|example.com.br....||/","http|example.com.br....||/","http|example.com.br....||/"
"http://.example.com.br","ext-ada-verifydnslength","","http|.example.com.br||/ [warning-invalid-tld]","http|.example.com.br||/ [warning-invalid-tld]","http|.example.com.br||/","http|.example.com.br||/","http|.example.com.br||/"
"http://example.com..br","ext-ada-verifydnslength","","http|example.com..br||/ [warning-invalid-tld]","http|example.com..br||/ [warning-invalid-tld]","http|example.com..br||/","http|example.com..br||/","http|example.com..br||/"
"http://example.com.br.com.br.com.br.com.br.com.br.com.br.com.br.com.br.com.br.com.br.com.br.com.br.com.br.com.br.com.br.com.br.com.br.com.br.com.br.com.br.com.br.com.br.com.br.com.br.com.br.com.br.com.br.com.br.com.br.com.br.com.br.com.br.com.br.com.br.com.br.com.br.com.br.com.br.com.br","ext-ada-verifydnslength","","http|example.com.br.com.br.com.br.com.br.com.br.com.br.com.br.com.br.com.br.com.br.com.br.com.br.com.br.com.br.com.br.com.br.com.br.com.br.com.br.com.br.com.br.com.br.com.br.com.br.com.br.com.br.com.br.com.br.com.br.com.br.com.br.com.br.com.br.com.br.com.br.com.br.com.br.com.br.com.br||/ [warning-invalid-tld]","http|example.com.br.com.br.com.br.com.br.com.br.com.br.com.br.com.br.com.br.com.br.com.br.com.br.com.br.com.br.com.br.com.br.com.br.com.br.com.br.com.br.com.br.com.br.com.br.com.br.com.br.com.br.com.br.com.br.com.br.com.br.com.br.com.br.com.br.com.br.com.br.com.br.com.br.com.br.com.br||/ [warning-invalid-tld]","http|example.com.br.com.br.com.br.com.br.com.br.com.br.com.br.com.br.com.br.com.br.com.br.com.br.com.br.com.br.com.br.com.br.com.br.com.br.com.br.com.br.com.br.com.br.com.br.com.br.com.br.com.br.com.br.com.br.com.br.com.br.com.br.com.br.com.br.com.br.com.br.com.br.com.br.com.br.com.br||/","http|example.com.br.com.br.com.br.com.br.com.br.com.br.com.br.com.br.com.br.com.br.com.br.com.br.com.br.com.br.com.br.com.br.com.br.com.br.com.br.com.br.com.br.com.br.com.br.com.br.com.br.com.br.com.br.com.br.com.br.com.br.com.br.com.br.com.br.com.br.com.br.com.br.com.br.com.br.com.br||/","http|example.com.br.com.br.com.br.com.br.com.br.com.br.com.br.com.br.com.br.com.br.com.br.com.br.com.br.com.br.com.br.com.br.com.br.com.br.com.br.com.br.com.br.com.br.com.br.com.br.com.br.com.br.com.br.com.br.com.br.com.br.com.br.com.br.com.br.com.br.com.br.com.br.com.br.com.br.com.br||/"
"http://example.com.","ext-ada-verifydnslength","","http|example.com.||/","http|example.com.||/","http|example.com.||/","http|example.com.||/","http|example.com.||/"
"http://example.com.br.com.br.com.br.com.br.com.br.com.br.com.br.com.br.com.br.com.br.com.br.com.br.com.br.com.br.com.br.com.br.com.br.com.br.com.br.com.br.com.br.com.br.com.br.com.br.com.br.com.br.com.br.com.br.com.br.com.br.com.br.com.br.com.br.com.br.comm.br.","ext-ada-verifydnslength","","http|example.com.br.com.br.com.br.com.br.com.br.com.br.com.br.com.br.com.br.com.br.com.br.com.br.com.br.com.br.com.br.com.br.com.br.com.br.com.br.com.br.com.br.com.br.com.br.com.br.com.br.com.br.com.br.com.br.com.br.com.br.com.br.com.br.com.br.com.br.comm.br.||/","http|example.com.br.com.br.com.br.com.br.com.br.com.br.com.br.com.br.com.br.com.br.com.br.com.br.com.br.com.br.com.br.com.br.com.br.com.br.com.br.com.br.com.br.com.br.com.br.com.br.com.br.com.br.com.br.com.br.com.br.com.br.com.br.com.br.com.br.com.br.comm.br.||/","http|example.com.br.com.br.com.br.com.br.com.br.com.br.com.br.com.br.com.br.com.br.com.br.com.br.com.br.com.br.com.br.com.br.com.br.com.br.com.br.com.br.com.br.com.br.com.br.com.br.com.br.com.br.com.br.com.br.com.br.com.br.com.br.com.br.com.br.com.br.comm.br.||/","http|example.com.br.com.br.com.br.com.br.com.br.com.br.com.br.com.br.com.br.com.br.com.br.com.br.com.br.com.br.com.br.com.br.com.br.com.br.com.br.com.br.com.br.com.br.com.br.com.br.com.br.com.br.com.br.com.br.com.br.com.br.com.br.com.br.com.br.com.br.comm.br.||/","http|example.com.br.com.br.com.br.com.br.com.br.com.br.com.br.com.br.com.br.com.br.com.br.com.br.com.br.com.br.com.br.com.br.com.br.com.br.com.br.com.br.com.br.com.br.com.br.com.br.com.br.com.br.com.br.com.br.com.br.com.br.com.br.com.br.com.br.com.br.comm.br.||/"
"http://example.com.br.com.br.com.br.com.br.com.br.com.br.com.br.com.br.com.br.com.br.com.br.com.br.com.br.com.br.com.br.com.br.com.br.com.br.com.br.com.br.com.br.com.br.com.br.com.br.com.br.com.br.com.br.com.br.com.br.com.br.com.br.com.br.com.br.com.br.comm.br","ext-ada-verifydnslength","","http|example.com.br.com.br.com.br.com.br.com.br.com.br.com.br.com.br.com.br.com.br.com.br.com.br.com.br.com.br.com.br.com.br.com.br.com.br.com.br.com.br.com.br.com.br.com.br.com.br.com.br.com.br.com.br.com.br.com.br.com.br.com.br.com.br.com.br.com.br.comm.br||/","http|example.com.br.com.br.com.br.com.br.com.br.com.br.com.br.com.br.com.br.com.br.com.br.com.br.com.br.com.br.com.br.com.br.com.br.com.br.com.br.com.br.com.br.com.br.com.br.com.br.com.br.com.br.com.br.com.br.com.br.com.br.com.br.com.br.com.br.com.br.comm.br||/","http|example.com.br.com.br.com.br.com.br.com.br.com.br.com.br.com.br.com.br.com.br.com.br.com.br.com.br.com.br.com.br.com.br.com.br.com.br.com.br.com.br.com.br.com.br.com.br.com.br.com.br.com.br.com.br.com.br.com.br.com.br.com.br.com.br.com.br.com.br.comm.br||/","http|example.com.br.com.br.com.br.com.br.com.br.com.br.com.br.com.br.com.br.com.br.com.br.com.br.com.br.com.br.com.br.com.br.com.br.com.br.com.br.com.br.com.br.com.br.com.br.com.br.com.br.com.br.com.br.com.br.com.br.com.br.com.br.com.br.com.br.com.br.comm.br||/","http|example.com.br.com.br.com.br.com.br.com.br.com.br.com.br.com.br.com.br.com.br.com.br.com.br.com.br.com.br.com.br.com.br.com.br.com.br.com.br.com.br.com.br.com.br.com.br.com.br.com.br.com.br.com.br.com.br.com.br.com.br.com.br.com.br.com.br.com.br.comm.br||/"
"http://aaaaaaaaaaaaaaaaaaaaaaaa.aaaaaaaaaaaaaaaaaaaaaaaaaaaaaaaaa.aaaaaaaaaaaaaaaaaaaaaaaaaaaaaaaaaaaaaaaaaaaaaaaa.aaaaaaaaaaaaaaaaaaaaaaaaaaaaaaaaa.aaaaaaaaaaaaaaaaaaaaaaaaaaaaaaaaaaaaaaaaaaaaaaaaaaa.aaaaaaaaaaaaaaaaaaaaaaaaaaaaaaaaa.aaaaaaaaaaaaaaaaaaaa.com","ext-ada-verifydnslength","","http|aaaaaaaaaaaaaaaaaaaaaaaa.aaaaaaaaaaaaaaaaaaaaaaaaaaaaaaaaa.aaaaaaaaaaaaaaaaaaaaaaaaaaaaaaaaaaaaaaaaaaaaaaaa.aaaaaaaaaaaaaaaaaaaaaaaaaaaaaaaaa.aaaaaaaaaaaaaaaaaaaaaaaaaaaaaaaaaaaaaaaaaaaaaaaaaaa.aaaaaaaaaaaaaaaaaaaaaaaaaaaaaaaaa.aaaaaaaaaaaaaaaaaaaa.com||/","http|aaaaaaaaaaaaaaaaaaaaaaaa.aaaaaaaaaaaaaaaaaaaaaaaaaaaaaaaaa.aaaaaaaaaaaaaaaaaaaaaaaaaaaaaaaaaaaaaaaaaaaaaaaa.aaaaaaaaaaaaaaaaaaaaaaaaaaaaaaaaa.aaaaaaaaaaaaaaaaaaaaaaaaaaaaaaaaaaaaaaaaaaaaaaaaaaa.aaaaaaaaaaaaaaaaaaaaaaaaaaaaaaaaa.aaaaaaaaaaaaaaaaaaaa.com||/","http|aaaaaaaaaaaaaaaaaaaaaaaa.aaaaaaaaaaaaaaaaaaaaaaaaaaaaaaaaa.aaaaaaaaaaaaaaaaaaaaaaaaaaaaaaaaaaaaaaaaaaaaaaaa.aaaaaaaaaaaaaaaaaaaaaaaaaaaaaaaaa.aaaaaaaaaaaaaaaaaaaaaaaaaaaaaaaaaaaaaaaaaaaaaaaaaaa.aaaaaaaaaaaaaaaaaaaaaaaaaaaaaaaaa.aaaaaaaaaaaaaaaaaaaa.com||/","http|aaaaaaaaaaaaaaaaaaaaaaaa.aaaaaaaaaaaaaaaaaaaaaaaaaaaaaaaaa.aaaaaaaaaaaaaaaaaaaaaaaaaaaaaaaaaaaaaaaaaaaaaaaa.aaaaaaaaaaaaaaaaaaaaaaaaaaaaaaaaa.aaaaaaaaaaaaaaaaaaaaaaaaaaaaaaaaaaaaaaaaaaaaaaaaaaa.aaaaaaaaaaaaaaaaaaaaaaaaaaaaaaaaa.aaaaaaaaaaaaaaaaaaaa.com||/","http|aaaaaaaaaaaaaaaaaaaaaaaa.aaaaaaaaaaaaaaaaaaaaaaaaaaaaaaaaa.aaaaaaaaaaaaaaaaaaaaaaaaaaaaaaaaaaaaaaaaaaaaaaaa.aaaaaaaaaaaaaaaaaaaaaaaaaaaaaaaaa.aaaaaaaaaaaaaaaaaaaaaaaaaaaaaaaaaaaaaaaaaaaaaaaaaaa.aaaaaaaaaaaaaaaaaaaaaaaaaaaaaaaaa.aaaaaaaaaaaaaaaaaaaa.com||/"
"http://google.com:80\@yahoo.com","ext-youarealiar","host,path","http|yahoo.com||/","http|google.com||/@yahoo.com","http|yahoo.com||/","http|google.com||/@yahoo.com","http|yahoo.com||/"
"https://user:pass@xdavidhu.me	est.corp.google.com","ext-youarealiar","scheme,host,port,path","<error>","https|xdavidhu.meest.corp.google.com||/","<error>","https|xdavidhu.meest.corp.google.com||/","https|xdavidhu.me	est.corp.google.com||/"
"http://127.0.0.
1:6379?SET
test
failure12:80","ext-youarealiar","scheme,host,port,path","<error>","http|127.0.0.1|6379|/","<error>","http|127.0.0.1|6379|/","http|127.0.0.
1|6379|/"
"https:/\/\/\github.com/foo/bar","ext-youarealiar","scheme,host,port,path","<error>","https|github.com||/foo/bar","<error>","https|github.com||/foo/bar","|https||/\/\/\github.com/foo/bar"
"http://ヒ:キ@ヒ.abc.ニ/ヒ","ext-youarealiar","","http|ヒ.abc.ニ||/ヒ [warning-invalid-tld]","http|ヒ.abc.ニ||/ヒ [warning-invalid-tld]","http|ヒ.abc.ニ||/ヒ","http|ヒ.abc.ニ||/%E3%83%92","http|ヒ.abc.ニ||/ヒ"
"https:///evil.com","ext-youarealiar","host,path","https|evil.com||/","https|evil.com||/","https|evil.com||/","https|evil.com||/","https|||/evil.com"
"http://example.com:80\@localhost:8080/secret.txt","ext-youarealiar","host,port,path","http|localhost|8080|/secret.txt [warning-no-tld]","http|example.com||/@localhost:8080/secret.txt","http|localhost|8080|/secret.txt","http|example.com||/@localhost:8080/secret.txt","http|localhost|8080|/secret.txt"
"foo://///////bar.com/","ext-youarealiar","scheme,host,port,path","<error>","<error>","<error>","foo|||///////bar.com/","foo|||//////bar.com/"
"www.php.net:80/index.php?test=1","ext-youarealiar","scheme,host,port,path","<error>","<error>","<error>","www.php.net|||/80/index.php","|www.php.net|80|/index.php"
"https://n.pr\@e.gg","ext-equivocal-urls","host,path","https|e.gg||/","https|n.pr||/@e.gg","https|e.gg||/","https|n.pr||/@e.gg","https|e.gg||/"
"https://n.pr][e.gg","ext-equivocal-urls","scheme,host,port,path","<error>","<error>","<error>","<reject>","https|n.pr][e.gg||/"
"https://n.pr#@e.gg","ext-equivocal-urls","host","https|n.pr||/","https|n.pr||/","https|n.pr||/","https|n.pr||/","https|e.gg||/"
"https://n.pr%2ee.gg","ext-equivocal-urls","host","https|n.pr.e.gg||/","https|n.pr.e.gg||/","https|n.pr.e.gg||/","https|n.pr.e.gg||/","https|n.pr%2ee.gg||/"
"https://n.pr
e.gg","ext-equivocal-urls","scheme,host,port,path","<error>","https|n.pre.gg||/","<error>","https|n.pre.gg||/","https|n.pr
e.gg||/"
"https://n.prİ@e.gg","ext-equivocal-urls","","https|e.gg||/","https|e.gg||/","https|e.gg||/","https|e.gg||/","https|e.gg||/"
"https://malware.testing.google.test/testing/malware/*","ext-equivocal-urls","","https|malware.testing.google.test||/testing/malware/* [warning-invalid-tld]","https|malware.testing.google.test||/testing/malware/* [warning-invalid-tld]","https|malware.testing.google.test||/testing/malware/*","https|malware.testing.google.test||/testing/malware/*","https|malware.testing.google.test||/testing/malware/*"
"http://letsencrypt.org%2F@malware.testing.google.test/testing/malware/*","ext-equivocal-urls","","http|malware.testing.google.test||/testing/malware/* [warning-invalid-tld]","http|malware.testing.google.test||/testing/malware/* [warning-invalid-tld]","http|malware.testing.google.test||/testing/malware/*","http|malware.testing.google.test||/testing/malware/*","http|malware.testing.google.test||/testing/malware/*"
"http://letsencrypt.org%5C@malware.testing.google.test/testing/malware/*","ext-equivocal-urls","","http|malware.testing.google.test||/testing/malware/* [warning-invalid-tld]","http|malware.testing.google.test||/testing/malware/* [warning-invalid-tld]","http|malware.testing.google.test||/testing/malware/*","http|malware.testing.google.test||/testing/malware/*","http|malware.testing.google.test||/testing/malware/*"
"https://malware.testing.google.test\testing\malware\*@letsencrypt.org","ext-equivocal-urls","host,path","https|letsencrypt.org||/","https|malware.testing.google.test||/testing/malware/*@letsencrypt.org [warning-invalid-tld]","https|letsencrypt.org||/","https|malware.testing.google.test||/testing/malware/*@letsencrypt.org","https|letsencrypt.org||/"
